CY,CM,Corporate,StoreCount,EconomicIndicator,TotalCost,TotalCostWithoutDisc,TotalCostWithDisc,TotalCosttWithoutCoupon,TotalCostWithCoupon,TotalCostWithoutPromo,TotalCostWithPromo,TotalCostWithoutOther,TotalCostWithOther,TotalNetAmt,TotalNetAmtWithoutDisc,TotalNetAmtWithDisc,TotalNetAmtWithoutCoupon,TotalNetAmtWithCoupon,TotalNetAmtWithoutPromo,TotalNetAmtWithPromo,TotalNetAmtWithoutOther,TotalNetAmtWithOther,TotalNetMrg,TotalNetMrgWithoutDisc,TotalNetMrgWithDisc,TotalNetMrgWithoutCoupon,TotalNetMrgWithCoupon,TotalNetMrgWithoutPromo,TotalNetMrgWithPromo,TotalNetMrgWithoutOther,TotalNetMrgWithOther,TotalDiscAmt,TotalCouponDisc,TotalPromoDisc,TotalOtherDisc,TotalSBRD,TotalSBRDWithoutDisc,TotalSBRDWithDisc,Penetration,GMRate,DMRate,DMCoupon,DMPromo,DMOther,MrgRate,CouponPenetration,PromoPenetration,OtherPenetration,Avg_Revenue,NM_Computed,Avg_Profit,month_name,month_of_year,SF
2019,1,1,209,57470,25803621.22,13416336.15,12387285.07,20569425.82,5234195.397,16985517.53,8818103.691,25073005.84,730615.3802,40128751.18,23125890.47,17002860.72,33343774.0,6784977.185,27960666.56,12168084.63,39314975.92,813775.2677,15425650.87,9709554.616,5716096.255,13623710.36,1801940.509,10975163.55,4450487.325,15317091.98,108558.89,4797632.438,1174066.27,3354226.391,269337.4993,-1100520.472,0.0,-1100520.472,0.119555987,0.450142683,0.336184376,0.228561091,0.275308813,0.102190237,0.38440396,0.029257483,0.083586613,0.006711834,192003.5942,15425650.43,73807,Jan,Jan-19,0.9819587746205363
2019,2,1,209,56351,24566089.63,12468747.78,12097341.85,19936605.52,4629484.113,15459011.87,9107077.763,23875146.94,690942.6898,38410340.25,21596850.82,16813489.43,32328823.5,6081516.757,25704011.24,12706329.01,37639261.16,771079.0977,14962717.75,9128103.331,5834614.418,13275204.85,1687512.9,10245483.64,4717234.108,14854676.81,108040.94,4802320.592,1042849.51,3513232.864,246204.9792,-1118466.713,0.0,-1118466.713,0.125026765,0.457389977,0.347019833,0.238761596,0.283264446,0.10392761,0.389549211,0.027150228,0.091465809,0.006409862,183781.5323,14962717.33,71592,Feb,Feb-19,0.9170334977497541
2019,3,1,209,57446,27804777.13,14054916.23,13749860.9,22723503.12,5081274.019,17385739.52,10419037.61,26935834.31,868942.8197,43784546.13,24517786.18,19266759.95,37045927.05,6738619.079,29092445.14,14692100.99,42795649.72,988896.4171,17199300.85,10462870.26,6736430.582,15291771.29,1907529.551,11706732.74,5492568.102,17045656.57,153644.28,5193077.953,1133242.54,3750295.885,309539.5292,-1219531.412,0.0,-1219531.412,0.118605271,0.457196093,0.349640027,0.245947284,0.290840866,0.121300467,0.392816698,0.025882249,0.085653415,0.007069607,209495.436,17199300.41,82293,Mar,Mar-19,1.0147226141144035
2019,4,1,209,57652,26306226.36,14899029.93,11407196.42,21369758.76,4936467.6,18698493.98,7607732.377,25497815.91,808410.4499,41212973.38,25452425.37,15760548.01,34757514.67,6455458.711,30495228.52,10717744.87,40321632.17,891341.2074,15887768.15,10553395.75,5334372.401,14176321.12,1711447.03,11796744.0,4091024.151,15780196.26,107571.8899,4861519.443,1148889.711,3401668.482,310961.2493,-981020.7108,0.0,-981020.7108,0.1179609,0.450342172,0.338463631,0.235303358,0.290174148,0.093040417,0.38550405,0.027876894,0.082538779,0.007545227,197191.2602,15887767.73,76018,Apr,Apr-19,0.9634338028979842
2019,5,1,209,57652,26752233.27,14815242.88,11936990.39,22141083.7,4611149.571,18284273.05,8467960.226,25942619.05,809614.2197,41927694.3,25133760.19,16793934.1,35846986.31,6080707.99,29708213.36,12219480.94,41050780.06,876914.2372,16174798.68,10318517.62,5856281.063,14517152.64,1657646.04,11440356.8,4734441.884,16080339.08,94459.59991,4648126.1,1061636.61,3266635.002,319854.4892,-999337.2106,0.0,-999337.2106,0.110860523,0.447075847,0.348714059,0.241675545,0.307011462,0.076746408,0.385778397,0.025320653,0.077911153,0.007628716,200610.9775,16174798.24,77391,May,May-19,0.9827664281388584
2019,6,1,209,57913,27105003.01,14201144.14,12903858.87,21706318.74,5398684.27,18126884.12,8978118.894,26269411.02,835591.9894,42119063.32,24297190.56,17821872.76,35050700.11,7068363.203,29491318.09,12627745.23,41208613.23,910450.0875,16130026.89,10096046.72,6033980.172,14218693.81,1911333.08,11382859.07,4747167.821,16026296.98,103729.9099,5072673.64,1246149.641,3495288.981,331235.0194,-1115966.141,0.0,-1115966.141,0.120436525,0.449288402,0.338571603,0.23621861,0.289016469,0.08222098,0.382962621,0.029586357,0.082985914,0.007864254,201526.6187,16130026.45,77177,Jun,Jun-19,0.9791828083804102
2019,7,1,210,58604,26250801.02,13292988.11,12957812.91,21589836.46,4660964.562,16442180.63,9808620.394,25440336.48,810464.5396,41206123.77,22856440.28,18349683.49,35098154.61,6107969.163,27019391.86,14186731.91,40319479.02,886644.7472,16072024.62,9563452.456,6508572.163,14409675.65,1662348.971,10579803.25,5492221.373,15966005.28,106019.34,4702647.823,1073404.23,3304307.955,324935.6393,-1116701.411,0.0,-1116701.411,0.114124974,0.452520755,0.35469669,0.236904372,0.308606065,0.085919651,0.390039711,0.026049629,0.08018973,0.007885615,196219.637,16072024.16,76533,Jul,Jul-19,1.0140289348505362
2019,8,1,210,58671,27413195.61,14457996.18,12955199.44,22362985.63,5050209.983,18057776.01,9355419.607,26549415.05,863780.5598,43043741.07,24905885.98,18137855.09,36416964.86,6626776.214,29681386.68,13362354.39,42107685.13,936055.9468,16662495.99,10447890.15,6214605.844,14880209.93,1782286.06,11632125.88,5030370.113,16561488.57,101007.42,5055615.391,1258881.55,3430315.983,366417.8588,-1031950.051,0.0,-1031950.051,0.117452974,0.451526018,0.342631787,0.237908476,0.299867424,0.077212679,0.387106129,0.029246565,0.079693723,0.008512686,204970.1956,16662495.51,79345,Aug,Aug-19,1.025371110347429
2019,9,1,210,58124,26586874.03,12645071.16,13941802.87,20462378.37,6124495.664,16592208.15,9994665.883,25718395.84,868478.1898,41155939.51,22115182.19,19040757.32,33287515.41,7868424.1,27390687.87,13765251.64,40221698.96,934240.5466,15641987.4,9470111.336,6171876.061,13633530.86,2008456.541,10801350.23,4840637.171,15543941.1,98046.29988,5256585.668,1565230.77,3337111.361,354243.5389,-1072921.48,0.0,-1072921.48,0.127723622,0.450278724,0.324140255,0.221636304,0.273920583,0.070391247,0.380066342,0.03803171,0.081084563,0.008607349,195980.6643,15641986.96,74486,Sep,Sep-19,0.992853806481593
2019,10,1,212,57880,27234168.91,13318131.76,13916037.15,20892385.13,6341783.775,17254326.88,9979842.03,26350865.01,883303.9003,42263274.76,23373169.65,18890105.11,34172355.33,8090919.435,28737008.6,13526266.17,41320231.38,943043.3867,16174283.24,10055038.23,6119245.017,14092118.04,2082165.2,11487243.66,4687039.588,16076697.09,97586.14999,5309297.774,1628999.41,3311846.195,368451.8389,-1145176.932,0.0,-1145176.932,0.125624382,0.451595939,0.323939166,0.21618503,0.26218796,0.063347548,0.382703028,0.038544089,0.078362271,0.008718014,199355.0696,16174282.78,76294,Oct,Oct-19,1.024582617637339
2019,11,1,212,58049,28881125.47,12576890.96,16304234.51,21757329.18,7123796.284,16698037.4,12183088.07,27999293.92,881831.5503,43699594.37,22290336.1,21409258.27,34645483.81,9054110.564,27851498.87,15848095.5,42766867.4,932726.9767,16191173.88,9713445.47,6477728.408,13931752.75,2259421.131,11154664.65,5036509.228,16104414.29,86759.58994,6896664.422,1773212.621,4762205.893,361243.9089,-1372704.491,0.0,-1372704.491,0.157819873,0.456315118,0.302566683,0.21319756,0.23125854,0.054566264,0.370510851,0.040577324,0.108975975,0.008266528,206130.1621,16191173.39,76373,Nov,Nov-19,1.010303319533744
2019,12,1,212,58537,30270436.53,13419764.16,16850672.37,22740581.26,7529855.273,18125120.76,12145315.77,29360481.03,909955.5001,47080552.36,24140925.56,22939626.8,37287854.46,9792697.902,30531183.11,16549369.25,46093188.43,987363.9267,17978069.33,10721161.73,7256907.602,15415428.17,2562641.16,12408513.73,5569555.602,17869964.81,108104.52,8694679.119,1944579.95,6374182.51,375916.6592,-1167952.97,0.0,-1167952.97,0.184676659,0.478218507,0.316348102,0.231074486,0.266116093,0.078399083,0.381857655,0.041303253,0.135388864,0.007984542,222078.0772,17978068.8,84802,Dec,Dec-19,1.133181860691033
2020,1,1,212,57885,27116990.79,12745909.97,14371080.82,20884025.0,6232965.793,16641565.33,10475425.46,26221744.25,895246.5404,41392383.96,22419055.18,18973328.79,33578749.33,7813634.634,27582008.62,13810375.34,40435014.0,957369.9666,15438092.11,9673145.516,5764946.598,13563309.99,1874782.121,10941834.7,4496257.417,15341858.71,96233.39991,6253841.336,1594379.8,4282594.74,376864.7993,-1162698.492,0.0,-1162698.492,0.151086764,0.455270756,0.303844756,0.202296232,0.24148148,0.064889675,0.372969388,0.038518675,0.103463351,0.009104689,195247.0942,15438091.66,72821,Jan,Jan-20,0.9819587746205363
2020,2,1,213,57922,26878949.57,12318410.62,14560538.95,20490096.3,6388853.265,16265610.23,10613339.34,25972273.95,906675.6203,41208182.17,21773229.53,19434952.64,33056506.22,8151675.945,27129867.06,14078315.1,40237012.15,971170.0171,15485610.95,9454819.203,6030791.743,13431673.45,2053937.5,10865781.56,4619829.384,15387764.77,97846.17988,5762274.275,1618303.55,3749824.668,394135.6795,-1156377.921,0.0,-1156377.921,0.139833256,0.452367007,0.310306473,0.216252792,0.246121481,0.066408966,0.375789713,0.039271413,0.09099709,0.009564501,193465.644,15485610.52,72702,Feb,Feb-20,0.9170334977497541
2020,3,1,214,74168,33741506.36,15786404.53,17955101.84,26328165.34,7413341.029,20384912.92,13356593.44,32688953.26,1052553.1,50198722.61,26599839.47,23598883.13,40902044.46,9296678.146,32710791.88,17487930.72,49070415.08,1128307.527,17903668.68,10813435.29,7090233.384,15689730.62,2213938.051,12328467.8,5575200.874,17785906.66,117762.02,6190734.976,1743440.959,4027891.239,419383.4594,-1446451.945,0.0,-1446451.945,0.123324552,0.427285599,0.300447831,0.202581727,0.236239344,0.067139876,0.356655862,0.034730783,0.080238919,0.008354465,234573.4701,17903668.2,83662,Mar,Mar-20,1.0147226141144035
2020,4,1,214,64097,25438686.49,13730773.55,11707912.94,19222320.9,6216365.589,18087475.19,7351211.299,24606532.47,832154.0193,39178885.77,24314790.2,14864095.58,31298125.59,7880760.184,30387862.27,8791023.506,38267128.84,911756.9378,14875267.15,10584016.99,4291250.154,12824367.24,2050899.91,12321494.58,2553772.563,14756134.18,119132.9701,4364796.292,1304728.87,2721369.882,338644.8093,-1135067.472,0.0,-1135067.472,0.111406851,0.441856594,0.288699039,0.211197214,0.16378209,0.087307171,0.379675605,0.033301837,0.069460114,0.008643554,183078.9055,14875266.75,69511,Apr,Apr-20,0.9634338028979842
2020,5,1,215,64573,28809141.29,15546705.08,13262436.21,21708544.46,7100596.829,20891076.33,7918064.955,27813031.23,996110.0594,45903148.38,27529665.58,18373482.8,36540445.85,9362702.533,34829553.31,11073595.07,44794740.5,1108407.877,18016848.57,11982960.88,6033887.695,15491172.13,2525676.44,13955550.51,4061298.065,17867954.88,148893.6899,4703485.72,1599542.05,2690253.711,413590.2595,-922841.0201,0.0,-922841.0201,0.102465427,0.448959593,0.328401952,0.2416082,0.284959861,0.101314525,0.392497012,0.034846021,0.058607172,0.009010063,213503.0157,18016848.11,83799,May,May-20,0.9827664281388584
2020,6,1,217,63140,29065915.49,16239390.65,12826524.83,22964978.41,6100937.076,20841711.42,8224204.067,28102570.47,963345.0195,46662737.65,29085419.25,17577318.4,38652169.71,8010567.939,35477750.9,11184986.74,45576793.62,1085944.027,18600250.31,12846028.99,5754221.323,16393536.45,2206713.862,14687796.22,3912454.092,18442766.62,157483.6901,4525781.778,1510568.59,2604926.658,410227.2993,-1003427.741,0.0,-1003427.741,0.096989204,0.451781609,0.327366278,0.238388948,0.264710432,0.112896249,0.398610353,0.032372052,0.055824557,0.008791325,215035.6574,18600249.9,85715,Jun,Jun-20,0.9791828083804102
2020,7,1,217,63546,30244872.35,17293156.35,12951716.0,24744418.37,5500453.98,21390330.22,8854542.129,29276813.12,968059.2297,48548519.04,30987754.22,17560764.81,41250151.44,7298367.596,36828150.13,11720368.91,47467370.28,1081148.757,19378978.34,13694598.29,5684380.052,17347311.3,2031667.04,15455605.11,3923373.232,19230805.55,148172.7899,4525401.905,1414127.36,2694524.125,416702.9894,-1075331.181,0.0,-1075331.181,0.093214005,0.450397848,0.323697747,0.246344623,0.244516773,0.104601265,0.39916724,0.029128126,0.055501675,0.008583228,223725.8942,19378977.87,89304,Jul,Jul-20,1.0140289348505362
2020,8,1,217,62387,30768907.46,17340563.46,13428344.0,24644626.52,6124280.94,21958805.47,8810101.99,29765646.17,1003261.29,49119673.35,30864350.5,18255322.86,41019363.79,8100309.564,37397773.83,11721899.53,47994878.07,1124795.286,19281181.05,13523791.46,5757389.594,17104244.24,2176936.81,15448868.98,3832312.074,19129112.38,152068.6698,4944815.276,1657940.819,2859681.698,427149.689,-930414.6402,-4.0,-930410.6402,0.100668733,0.448094423,0.315381412,0.243944828,0.248406628,0.108049881,0.392534798,0.033753091,0.058218663,0.008696102,226357.9417,19281180.53,88853,Aug,Aug-20,1.025371110347429
2020,9,1,217,62303,29637100.84,16979104.04,12657996.8,23961888.3,5675212.54,21358587.65,8278513.189,28710598.83,926502.0099,47475244.57,30311022.47,17164222.1,39972483.34,7502761.225,36500824.89,10974419.68,46406669.48,1068575.087,18816312.57,13332030.84,5484281.732,16774847.14,2041465.43,15158918.67,3657393.902,18648196.13,168116.44,4665584.733,1560451.059,2711767.454,393289.8292,-978168.3291,-112.0,-978056.3291,0.098274054,0.450355261,0.319518216,0.24358348,0.245653672,0.132955633,0.396339455,0.032868731,0.05711961,0.008284103,218779.9289,18816312.06,86711,Sep,Sep-20,0.992853806481593
2020,10,1,217,61887,31354532.23,16319155.38,15035376.85,24622121.8,6732410.422,20953432.04,10401100.19,30293410.92,1061121.31,49548019.63,29500422.03,20047597.59,40715388.78,8832630.845,36253306.65,13294712.98,48344979.92,1203039.707,19437403.36,13181267.04,6256136.318,16979771.19,2457632.169,15339926.64,4097476.719,19254205.35,183198.0099,5494359.733,1806634.82,3248688.496,438893.2792,-1243915.465,0.0,-1243915.465,0.110889593,0.452955757,0.312064136,0.237779712,0.217651392,0.117966511,0.392294253,0.036462301,0.065566465,0.008857938,228331.8877,19437402.87,89573,Oct,Oct-20,1.024582617637339
2020,11,1,217,62798,31584461.87,15352184.79,16232277.09,24802834.76,6781627.113,19789519.04,11794942.84,30589636.09,994825.7805,48767902.08,27358146.83,21409755.25,40068841.0,8699061.079,33674299.55,15093602.53,47652140.4,1115761.677,18674036.96,12005962.4,6668074.554,16377851.21,2296185.749,13935410.07,4738626.885,18511026.51,163010.4499,7423595.587,2039538.39,4980331.439,403630.2993,-1490596.275,0.0,-1490596.275,0.152222984,0.464440941,0.311450288,0.220418497,0.218546877,0.108388645,0.382916553,0.041821327,0.102123143,0.008276557,224736.8759,18674036.49,86055,Nov,Nov-20,1.010303319533744
2020,12,1,217,62749,34979469.06,15567822.9,19411646.16,25929154.45,9050314.608,21137046.94,13842422.12,33959967.97,1019501.09,55886530.73,28507989.82,27378540.91,43927696.19,11958834.54,36468886.3,19417644.44,54697341.88,1189188.847,22196988.44,12940167.28,9256821.167,18910888.66,3286099.781,15346983.52,6850004.926,21994335.13,202653.3099,8647782.988,2545302.011,5686804.196,415571.8694,-1289926.282,0.0,-1289926.282,0.154738233,0.477959231,0.33810498,0.243210985,0.287121454,0.142692018,0.397179574,0.045544105,0.101756257,0.007435993,257541.6163,22196987.95,102290,Dec,Dec-20,1.133181860691033
2021,1,1,239,63472,33277549.25,16850530.48,16427018.77,25178648.32,8098900.924,22667002.43,10610546.81,32249521.11,1028028.14,52674492.42,30406765.51,22267726.9,42398838.65,10275653.77,38266248.33,14408244.08,51493826.19,1180666.227,20538218.95,13556235.42,6981983.525,18041169.13,2497049.82,15621555.44,4916663.505,20353328.74,184890.2099,6246135.514,2339704.11,3483536.247,422814.6093,-1141275.272,0.0,-1141275.272,0.11857989,0.454583647,0.313547199,0.211835947,0.263578077,0.129281318,0.389908246,0.044418161,0.066133267,0.008026933,220395.3658,20538218.44,85934,Jan,Jan-21,0.9819587746205363
2021,2,1,239,63821,29105541.68,15723241.99,13382299.69,23715539.49,5390002.192,19492826.22,9612715.464,28252707.78,852833.8999,46505521.04,28218746.92,18286774.12,39470260.74,7035260.305,33561516.95,12944004.1,45532025.86,973495.1768,18458010.03,12495505.28,5962504.752,16573686.12,1884323.91,14090056.76,4367953.272,18307401.61,150608.42,5093632.974,1555106.49,3169197.147,369329.3394,-1058030.223,0.0,-1058030.223,0.10952749,0.456434665,0.326055575,0.233858883,0.257361525,0.123946456,0.396899328,0.03343918,0.068146686,0.007941624,194583.77,18458009.58,77230,Feb,Feb-21,0.9170334977497541
2021,3,1,239,64006,34980386.28,18389891.3,16590494.98,27432491.18,7547895.107,23824753.26,11155633.03,33869414.29,1110971.99,56590244.94,34041596.95,22548647.99,46535801.31,10054443.63,41877910.77,14712334.18,55318933.88,1271311.067,22913633.11,15651706.04,7261927.069,20063013.13,2850619.98,18123899.7,4789733.409,22711364.59,202268.5201,6106677.231,2081775.811,3522630.403,502271.0191,-1303773.981,0.0,-1303773.981,0.107910422,0.462866579,0.322055983,0.249297586,0.241749617,0.126121042,0.404904293,0.036786832,0.062248015,0.008875576,236779.2676,22913632.64,95873,Mar,Mar-21,1.0147226141144035
2021,4,1,239,64604,33474903.85,20373586.9,13101316.95,26572255.59,6902648.264,26272191.3,7202712.55,32319332.52,1155571.329,54525406.16,36867591.07,17657815.09,45335314.8,9190091.353,45129809.94,9395596.218,53218026.37,1307379.786,21981757.06,16494004.59,5487752.471,19469109.05,2512648.01,18882856.2,3098900.861,21793930.55,187826.51,5704639.562,1952245.23,3257686.511,494707.8186,-931254.2717,0.0,-931254.2717,0.104623513,0.459677488,0.310783207,0.248903194,0.233394839,0.116116571,0.403147058,0.035804323,0.059746213,0.009072978,228139.7747,21981756.58,91974,Apr,Apr-21,0.9634338028979842
2021,5,1,239,65195,33774559.12,18043615.76,15730943.36,25995725.53,7778833.586,23845039.51,9929519.613,32683572.85,1090986.268,54461842.41,32870717.32,21591125.09,44246885.4,10214957.01,40990757.89,13471084.52,53202122.8,1259719.616,21874437.42,14827172.0,7047265.423,19103548.48,2770888.94,17202287.28,4672150.142,21666830.66,207606.7601,5760861.963,2220793.41,3087678.836,452398.379,-1187153.68,-70.08000183,-1187083.6,0.105777949,0.458885054,0.326396392,0.238485921,0.262901246,0.133945162,0.401647033,0.040777053,0.056694351,0.008306704,227873.8176,21874436.97,91525,May,May-21,0.9827664281388584
2021,6,1,240,65814,32637323.22,17629713.41,15007609.81,26623928.74,6013394.477,22021943.36,10615379.86,31620206.76,1017116.459,52835825.22,32134278.93,20701546.29,44990663.16,7845162.056,38298455.84,14537369.38,51656640.4,1179184.816,21348542.94,14504565.85,6843977.094,19279490.92,2069052.02,16300089.76,5048453.183,21152323.5,196219.44,5856769.404,1965290.43,3448135.557,443385.2394,-1150040.513,0.0,-1150040.513,0.110848451,0.463522052,0.330602212,0.233490088,0.269786742,0.137441014,0.404054311,0.037196172,0.065261317,0.008391754,220149.2717,21348542.51,88952,Jun,Jun-21,0.9791828083804102
2021,7,1,240,65850,35263402.11,20417345.29,14846056.82,28708394.5,6555007.609,25585251.04,9678151.072,34127780.49,1135621.62,57701332.26,37002147.56,20699184.7,49091903.45,8609428.809,44192958.62,13508373.65,56386770.1,1314562.165,23553064.1,16584802.69,6968261.41,21223672.17,2329391.93,18664437.67,4888626.429,23339307.41,213756.6898,5968059.726,2174286.79,3285274.385,508533.2193,-1115133.381,0.0,-1115133.381,0.103430189,0.463662717,0.336644238,0.238624564,0.283544317,0.136121782,0.40818926,0.037681743,0.05693585,0.008813197,240422.2178,23553063.53,98138,Jul,Jul-21,1.0140289348505362
2021,8,1,239,67509,35474276.16,20301360.54,15172915.63,28399712.82,7074563.339,25875265.0,9599011.165,34368293.95,1105982.21,57294652.44,36679128.61,20615523.83,48202479.38,9092173.054,44245850.74,13048801.7,56038879.89,1255772.545,22795373.2,16377769.0,6417604.201,20531450.15,2263923.05,18404947.25,4390425.951,22617229.18,178144.02,5938717.289,2381727.079,3054737.006,502318.2992,-974996.3697,-0.5,-974995.8697,0.103652209,0.454413391,0.311299588,0.221906216,0.264376041,0.119281422,0.397862143,0.041569797,0.053316267,0.008767281,239726.5792,22795372.65,95378,Aug,Aug-21,1.025371110347429
2021,9,1,239,67771,34617021.55,19383742.95,15233278.6,27886263.12,6730758.431,24523782.3,10093239.26,33509538.53,1107483.02,55387083.51,35068656.91,20318426.6,46797671.36,8589412.154,42121589.42,13265494.09,54121202.4,1265881.106,21861099.04,15684913.87,6176185.175,19725334.53,2135764.509,17629604.13,4231494.915,21673473.66,187625.38,6199186.418,2195760.148,3502029.094,501482.6796,-1091036.571,0.5,-1091037.071,0.111924767,0.455625661,0.303969653,0.216388932,0.239135822,0.125128723,0.394696699,0.039643903,0.063228263,0.009054145,231745.1193,21861098.53,91469,Sep,Sep-21,0.992853806481593
2021,10,1,239,68142,35967392.53,19981098.49,15986294.04,27979714.09,7987678.445,26407619.53,9559773.007,34724896.0,1242496.53,57838779.66,36374766.4,21464013.25,47370283.6,10468496.06,45293465.62,12545314.03,56398698.94,1440080.714,22843856.32,16393668.34,6450187.977,20109040.88,2734815.436,18922943.54,3920912.78,22616595.93,227260.3901,6310292.874,2450345.319,3301403.298,558696.9991,-972468.6502,0.0,-972468.6502,0.109101418,0.454474983,0.300511735,0.236979371,0.237980573,0.137203549,0.39495744,0.042365094,0.057079408,0.009659557,242003.2622,22843855.78,95581,Oct,Oct-21,1.024582617637339
2021,11,1,234,68218,34935416.61,19455097.38,15480319.23,27490033.6,7445383.01,25834181.18,9101235.422,33724572.7,1210843.905,55660390.1,34590308.81,21070081.3,46053948.78,9606441.319,43110445.04,12549945.07,54228000.23,1432389.875,21833694.58,15135211.82,6698482.761,19365731.33,2467963.254,17392608.72,4441085.86,21581866.34,251828.235,7379608.028,2289268.328,4565921.056,524521.7392,-1108720.621,0.0,-1108720.621,0.132582758,0.463408994,0.317914421,0.224959299,0.274798784,0.154668763,0.392266287,0.041129218,0.082031783,0.009423609,237864.915,21833694.11,93306,Nov,Nov-21,1.010303319533744
2021,12,1,231,68824,38171333.2,19377272.01,18794061.19,30149227.27,8022105.929,25153627.51,13017705.68,36929483.92,1241849.273,61757160.99,35791973.77,25965187.23,51343369.02,10413791.97,43836417.36,17920743.63,60281194.18,1475966.815,24655773.74,16414702.18,8241071.558,21955196.47,2700577.273,18742445.37,5913328.376,24390117.94,265655.806,8810132.356,2457943.86,5822729.465,529538.7995,-1069945.41,0.0,-1069945.41,0.142657665,0.474241025,0.317389256,0.229665241,0.273595675,0.158619787,0.399237487,0.039800143,0.09428428,0.008574533,267347.0173,24655773.2,106735,Dec,Dec-21,1.133181860691033
2022,1,1,229,69283,33887717.21,17969073.92,15918643.29,26899838.96,6987878.255,23282861.21,10604856.01,32709769.49,1177947.722,53923498.02,32356491.93,21567006.09,44827849.17,9095648.848,39750108.75,14173389.26,52532695.07,1390802.944,20983832.88,14387418.35,6596414.528,18644068.34,2339764.543,16494574.75,4489258.129,20744709.25,239123.637,6192477.544,2094217.59,3566424.739,532020.1194,-948051.5912,0.0,-948051.5912,0.114838202,0.452064691,0.30585675,0.231733945,0.251776988,0.153044846,0.389140795,0.038836827,0.066138601,0.009866202,235473.7905,20983832.4,91632,Jan,Jan-22,0.9819587746205363
2022,2,1,230,69294,30313067.23,17868056.98,12445010.26,24788452.33,5524614.9,22634026.97,7679040.266,29304132.39,1008934.839,50037937.37,32584869.55,17453067.82,42472862.07,7565075.294,39355343.25,10682594.12,48841496.4,1196440.966,20495641.61,14716812.92,5778828.69,18240498.85,2255142.761,16812286.59,3683355.019,20285281.82,210359.79,5263022.017,1676711.42,3126819.189,459616.1992,-770771.0617,0.0,-770771.0617,0.105180635,0.465790531,0.331106753,0.269721095,0.281163341,0.156719915,0.409602048,0.033508804,0.06248897,0.009185355,217556.2494,20495641.2,89111,Feb,Feb-22,0.9170334977497541
2022,3,1,230,70083,33513448.85,19179417.15,14334031.7,27233918.1,6279530.752,24341707.54,9171741.31,32301032.48,1212416.37,55338046.84,34960909.53,20377137.31,46696127.17,8641919.672,42360136.48,12977910.36,53925436.21,1412610.636,22618427.5,15781492.74,6836934.762,20065481.9,2552945.6,18062312.14,4556115.362,22390761.06,227666.4401,5714606.533,1802579.33,3332715.825,579399.7793,-793829.0819,0.0,-793829.0819,0.103267225,0.464075385,0.335519882,0.273363906,0.293280578,0.141719354,0.408731945,0.03257396,0.060224674,0.010470188,240600.2037,22618427.07,98341,Mar,Mar-22,1.0147226141144035
2022,4,1,230,70380,33316086.54,19393301.96,13922784.57,25662411.61,7653674.921,26061085.09,7255001.447,32129356.45,1186730.088,54708204.41,35685463.33,19022741.09,44430687.8,10277516.61,44988232.1,9719972.313,53332795.37,1375409.045,22422829.7,16292161.73,6130667.967,19464681.88,2958147.82,19027343.21,3395486.486,22198161.34,224668.3531,6495117.514,2335441.24,3571348.508,588408.3286,-1030711.389,0.0,-1030711.389,0.118722915,0.472489824,0.322280994,0.255299192,0.253598548,0.13718025,0.409862285,0.042689049,0.065279944,0.010755395,237861.7583,22422829.26,97491,Apr,Apr-22,0.9634338028979842
2022,5,1,230,71182,33740020.46,18940133.49,14799886.97,25683632.99,8056387.476,25678363.82,8061656.645,32551852.4,1188168.061,54446423.97,34009919.28,20436504.69,43950257.52,10496166.45,43030923.1,11415500.87,53049693.47,1396730.507,21594805.23,15069786.71,6525018.52,18885925.3,2708879.924,17406260.75,4188544.479,21357780.9,237024.3261,6348983.864,2640960.09,3157204.56,550913.4091,-888401.3106,-0.550000012,-888400.7606,0.11660975,0.459636503,0.319282508,0.232444768,0.293797378,0.149321895,0.396624859,0.048505667,0.057987363,0.01011845,236723.5825,21594804.82,93890,May,May-22,0.9827664281388584
2022,6,1,231,71725,33264983.24,17756892.37,15508090.87,25481535.1,7783448.135,24194545.88,9070437.356,31881587.0,1383396.24,54148625.86,32139809.22,22008816.64,43824929.58,10323696.29,40973722.26,13174903.61,52478381.21,1670244.657,21985635.26,14382917.1,7602718.163,19121701.01,2863934.25,16842668.42,5142966.843,21659755.64,325879.6201,6646432.065,2326745.6,3726052.758,593732.8697,-1101992.32,0.0,-1101992.32,0.122744243,0.470960436,0.345439658,0.246059946,0.31153672,0.171740359,0.406023882,0.042969615,0.068811585,0.010964874,234409.6358,21985634.94,95176,Jun,Jun-22,0.9791828083804102
2022,7,1,234,71705,36141944.35,18108522.61,18033421.74,25982303.09,10159641.26,26042120.94,10099823.41,34712686.24,1429258.11,57768674.39,33253760.92,24514913.47,44752495.55,13016178.84,43928478.7,13840195.69,56070504.26,1698170.127,22903615.3,15145238.57,7758376.735,19626570.38,3277044.921,17924382.3,4979233.005,22586698.42,316916.88,7868356.422,3192548.851,4071544.077,604363.5095,-1276884.939,0.0,-1276884.939,0.136204552,0.468820284,0.316475792,0.219460535,0.270254292,0.158353991,0.396471194,0.055264361,0.070480137,0.010461786,246874.6769,22903614.98,97879,Jul,Jul-22,1.0140289348505362
2022,8,1,234,71934,36099943.6,18842442.6,17257500.99,26651941.98,9448001.615,26488443.37,9611500.229,34693318.3,1406625.3,57971876.13,34593746.16,23378129.97,45781936.68,12189939.44,44949652.97,13022223.15,56315283.39,1656592.737,22936859.61,15751303.8,7185555.814,19861233.94,3075625.67,18518355.7,4418503.914,22648669.53,288190.0802,7326036.193,2906110.57,3796458.639,623560.4291,-1064926.761,0.0,-1064926.761,0.126372246,0.463458852,0.307362297,0.224934491,0.261915564,0.150892511,0.395654948,0.050129662,0.065487938,0.010756258,247743.0604,22936859.29,98021,Aug,Aug-22,1.025371110347429
2022,9,1,234,72470,36263504.65,18648907.75,17614596.89,26391475.88,9872028.76,26593449.26,9670055.385,34828813.4,1434691.25,57084781.01,34114960.01,22969821.0,44668565.87,12416215.14,44697120.02,12387660.99,55431883.8,1652897.207,22033095.25,15466051.0,6567044.25,19079310.0,2953785.251,18186465.96,3846629.288,21773665.33,259429.9203,7716094.503,2982318.031,4118595.029,615249.069,-1211818.559,1.5,-1211820.059,0.13516903,0.459086227,0.285898796,0.204908368,0.219380044,0.132014233,0.385971442,0.052243662,0.07214874,0.010777813,243952.0556,22033094.92,94159,Sep,Sep-22,0.992853806481593
2022,10,1,233,73214,37111421.9,17922268.8,19189153.09,26369560.55,10741861.35,25905259.65,11206162.25,35476245.25,1635176.649,58336801.84,32727541.8,25609260.04,44891965.0,13444836.84,43612126.47,14724675.37,56218374.17,2118427.669,21947780.15,14805273.25,7142506.902,18993951.13,2953829.021,17740477.11,4207303.042,21434162.19,513617.9603,8206451.306,3312160.561,4094803.374,799553.7995,-722399.9299,0.0,-722399.9299,0.140673658,0.453152345,0.27890329,0.201041896,0.238953528,0.228117781,0.376225289,0.056776519,0.070192456,0.013705822,250372.5401,21947779.87,94196,Oct,Oct-22,1.024582617637339
2022,11,1,231,73438,36379668.54,16802066.36,19577602.18,26734355.07,9645313.47,23798239.41,12581429.13,35035165.37,1344503.169,55712613.01,30224761.13,25487851.88,44043903.6,11668709.42,39239581.07,16473031.95,54156780.08,1555832.938,20979248.34,13422694.26,7556554.074,18385897.6,2593350.74,15651733.12,5327515.214,20721880.22,257368.1201,9504095.106,2937658.102,6001987.781,564532.3395,-1646303.63,0.699999988,-1646304.33,0.170591444,0.467416159,0.296476693,0.173403576,0.236240835,0.135830631,0.376561917,0.05272878,0.10773122,0.010132936,241180.1429,20979248.1,90819,Nov,Nov-22,1.010303319533744
2022,12,1,232,73347,41011176.75,17932842.0,23078334.76,29032095.18,11979081.57,26122691.87,14888484.88,39570815.59,1440361.169,64579716.86,33019492.04,31560224.82,49468341.67,15111375.19,43864584.62,20715132.24,62922418.79,1657298.068,25095622.5,15086650.27,10008972.23,21406726.84,3688895.661,17894745.87,7200876.63,24829431.02,266191.4801,11242447.15,3422029.161,7248365.182,572138.5194,-1527082.082,0.0,-1527082.082,0.174086349,0.47925392,0.31713881,0.207280514,0.281274929,0.130897937,0.388599141,0.052989225,0.112239036,0.008859415,278360.8485,25095622.19,108171,Dec,Dec-22,1.133181860691033
2023,1,1,232,72793,36104976.13,17600256.45,18504719.68,25441312.82,10663663.31,25733521.17,10371454.96,34720603.35,1384372.779,56676086.47,31827624.96,24848461.5,43260751.12,13415335.34,42479000.88,14197085.59,55137935.73,1538150.738,21480784.63,14227357.22,7253427.412,18390976.29,3089808.341,16833083.92,4647700.711,21292788.4,187996.2302,7587166.944,2946176.811,4058478.897,582592.8794,-909674.0406,11.5,-909685.5406,0.133868928,0.45232617,0.291906497,0.205113921,0.269465913,0.09997587,0.379009666,0.051982714,0.071608312,0.010279342,244293.4761,21480784.38,92590,Jan,Jan-23,0.9819587746205363
2023,2,1,234,73572,32578531.4,16921333.41,15657197.99,24030915.02,8547616.378,23576665.19,9001866.211,31404249.36,1174282.04,52358927.25,31064380.36,21294546.89,41382954.27,10975972.98,39989497.9,12369429.35,51008173.4,1350753.848,20815230.44,14143047.15,6672183.298,18016639.8,2798590.64,16550110.18,4265120.268,20600159.13,215071.3101,6428950.44,2352579.122,3553642.143,522778.7795,-1034834.381,0.0,-1034834.381,0.122786137,0.463431948,0.313328258,0.221242947,0.272248868,0.130646904,0.397548833,0.044931767,0.067870797,0.00998452,223756.0994,20815230.23,88954,Feb,Feb-23,0.9170334977497541
2023,3,1,234,73158,36304860.15,18642083.31,17662776.84,26610853.37,9694006.775,26145791.02,10159069.13,34941725.34,1363134.81,58793597.59,34398253.23,24395344.36,46083850.14,12709747.45,44706325.78,14087271.81,57217446.23,1576151.359,23701683.57,15756161.54,7945522.028,20315850.03,3385833.54,18604231.77,5097451.798,23437917.25,263766.32,7013566.054,2750468.722,3644316.013,618872.0096,-1212945.921,8.520000219,-1212954.441,0.119291323,0.466746289,0.325698291,0.237277781,0.278847653,0.135149805,0.403133752,0.046781773,0.061984913,0.01052618,251254.6905,23701683.36,101289,Mar,Mar-23,1.0147226141144035
2023,4,1,234,72913,35997374.35,18978937.96,17018436.39,24906487.16,11090887.2,28299753.63,7697620.726,34560045.47,1437328.881,57359763.42,35015248.82,22344514.59,43127283.71,14232479.71,47512629.02,9847134.393,55744392.2,1615371.218,22697481.5,16036311.06,6661170.44,18910563.91,3786917.59,19505377.45,3192104.049,22470140.65,227340.85,7484347.717,3082578.661,3743065.006,658784.2895,-1335092.182,0.0,-1335092.182,0.130480798,0.465452119,0.29811211,0.220734023,0.218288243,0.110217599,0.39570389,0.053741133,0.065255935,0.011485129,245127.1941,22697481.25,96998,Apr,Apr-23,0.9634338028979842
2023,5,1,234,72878,35109856.08,17125302.23,17984553.85,24974801.86,10135054.22,24701606.04,10408250.04,33651918.87,1457937.211,55693841.49,31343526.74,24350314.75,42739388.28,12954453.22,41423022.25,14270819.24,54118762.37,1575079.127,21811502.32,14218214.72,7593287.597,18550556.8,3260945.52,16823137.53,4988364.787,21631214.6,180287.7198,6923719.333,2771029.851,3454358.881,698392.7103,-1227516.65,10.0,-1227526.65,0.124317503,0.458900363,0.311835294,0.217639367,0.270662051,0.074372083,0.391632212,0.049754691,0.062024073,0.012539855,238007.8696,21811502.06,93212,May,May-23,0.9827664281388584
2023,6,1,233,72298,35421207.34,16719321.21,18701886.13,24617790.65,10803416.69,24804494.12,10616713.22,33935250.91,1485956.432,55877168.7,30678769.41,25198399.29,42069485.15,13807683.55,41438199.22,14438969.49,54269582.69,1607586.018,21745586.83,13959448.39,7786138.44,18272853.21,3472733.62,16722004.92,5023581.91,21563765.66,181821.17,7346548.698,2907492.982,3744670.399,694469.4003,-1289625.21,0.0,-1289625.21,0.131476753,0.460145915,0.308993372,0.217579353,0.264718079,0.075659769,0.389167657,0.052033649,0.067016108,0.0124285,239816.1747,21745586.57,93329,Jun,Jun-23,0.9791828083804102
2023,7,1,234,73021,36299307.06,17264912.69,19034394.37,24578068.21,11721238.84,26310855.18,9988451.874,34736364.5,1562942.56,57045816.47,31851251.53,25194564.94,42035078.79,15010737.68,43968787.64,13077028.84,55328782.49,1717033.988,22259089.2,14586339.04,7672750.165,18419921.38,3839167.827,17743395.12,4515694.081,22046103.66,212985.54,7715135.236,3180966.152,3818042.947,716203.4095,-1512579.518,0.0,-1512579.518,0.13524454,0.462844096,0.304539892,0.21914305,0.236183387,0.089742794,0.390196698,0.055761603,0.066929412,0.012554881,243785.5405,22259088.93,95124,Jul,Jul-23,1.0140289348505362
2023,8,1,234,73390,35763701.71,17915433.44,17848268.27,24766875.12,10996826.59,26667374.95,9096326.764,34339068.14,1424633.571,56569036.44,32729510.38,23839526.07,42445367.64,14123668.81,44374490.49,12194545.95,55025806.46,1543229.988,22038214.52,14814077.17,7224137.352,18485454.41,3552760.112,17795119.24,4243095.28,21872750.72,165463.8001,7327411.733,3018494.821,3611126.42,697869.9294,-1232879.81,0.0,-1232879.81,0.129530432,0.459581512,0.30303193,0.221390225,0.254065973,0.076849477,0.389580871,0.053359488,0.063835742,0.012336606,241748.019,22038214.54,94180,Aug,Aug-23,1.025371110347429
2023,9,1,235,73522,36599915.73,15923005.35,20676910.39,25805071.18,10794844.55,23730872.97,12869042.76,35169454.77,1430460.961,56659235.17,29401620.79,27257614.38,43038775.64,13620459.53,39812750.3,16846484.87,55123275.91,1535959.258,21711463.52,13478615.64,8232847.874,18381477.06,3329986.46,16157557.43,5553906.093,21549927.22,161536.2998,8477340.167,2861685.211,4914664.347,701102.5093,-1652143.807,0.0,-1652143.807,0.149619742,0.463469307,0.302038457,0.207453719,0.236099231,0.068685609,0.383193727,0.050506951,0.086740746,0.01237402,241103.1284,21711463.25,92389,Sep,Sep-23,0.992853806481593
2023,10,1,235,73546,36807457.82,15930982.35,20876475.47,24697308.1,12110149.73,25068447.01,11739010.82,35359781.28,1447676.541,56810738.36,29187800.23,27622938.13,41537863.08,15272875.28,41277208.01,15533530.35,55223589.29,1587149.069,21485766.22,13256818.07,8228948.15,17780929.76,3704836.457,16346521.08,5139245.142,21295610.78,190155.4402,8495937.62,3454749.511,4335489.585,705842.9396,-1482485.449,0.0,-1482485.449,0.149548094,0.459090945,0.297902709,0.207081214,0.244279275,0.087876136,0.378199031,0.060811558,0.076314614,0.012424463,241747.8228,21485765.99,91429,Oct,Oct-23,1.024582617637339
2023,11,1,235,73583,36782158.43,15386426.51,21395731.92,24810352.49,11971805.93,23576589.24,13205569.19,35288229.35,1493929.071,55656639.57,28380075.3,27276564.27,40746176.03,14910463.54,39318974.36,16337665.21,53996622.48,1660017.088,20868683.21,12994533.98,7874149.232,17266900.07,3601783.141,15837224.84,5031458.371,20638766.41,229916.8002,10211511.4,3325109.641,6201426.96,685064.2995,-1991682.049,2.0,-1991684.049,0.183473373,0.471816411,0.288618329,0.197086938,0.191710136,0.100051993,0.374954064,0.05974327,0.11142295,0.012308761,236836.7641,20866163.19,88792,Nov,Nov-23,1.010303319533744
2023,12,1,235,73465,41663741.77,18551030.27,23112711.5,26624199.58,15039542.19,30532866.61,11130875.16,40067079.41,1596662.361,64436779.87,34541775.59,29895004.28,45169998.14,19266781.73,50394119.58,14042660.29,62636580.08,1800199.789,24399428.62,15996105.43,8403323.189,19738132.7,4661295.92,19938746.19,4460682.429,24158299.74,241128.88,12176848.71,4362027.781,7136946.333,677950.6396,-1606695.49,0.25,-1606695.74,0.188973576,0.477155083,0.280615063,0.219405586,0.207352814,0.113063799,0.378656858,0.067694689,0.110758892,0.010521175,274199.0633,24379733.59,103744,Dec,Dec-23,1.133181860691033
2024,1,1,234,73370,35234563.28,16966306.85,18268256.43,23402896.86,11831666.42,26630570.95,8603992.333,33879985.91,1354577.371,54270650.66,30211476.5,24059174.16,39288326.52,14982324.15,42899333.46,11371317.2,52807347.33,1463303.329,20150331.79,13245167.48,6905164.31,16583475.7,3566856.088,16354723.75,3795608.042,19997441.64,152890.1501,7969198.859,3167112.681,4156315.94,645832.2098,-1114244.2,2.299999952,-1114246.5,0.146841778,0.451793034,0.287007533,0.210291654,0.243360098,0.074301723,0.371293352,0.058357743,0.076584966,0.011900211,231925.8575,20150331.58,86113,Jan,Jan-24,0.9819587746205363
2024,2,1,234,73341,36365228.37,14594699.79,21770528.59,25138031.29,11227197.08,23342965.8,13022262.57,35079239.65,1285988.718,55723512.57,26922721.1,28800791.47,41461036.99,14262475.57,38518005.26,17205507.3,54296652.49,1426860.079,21436779.75,12328017.24,9108762.503,17700830.19,3735949.556,15479320.73,5957459.014,21233512.52,203267.2231,9160453.609,3134017.332,5418469.887,608033.6996,-2078495.35,4.199999809,-2078499.55,0.164391173,0.471568478,0.316267782,0.212815684,0.243134054,0.098728224,0.384699003,0.056242279,0.097238484,0.010911618,238134.6691,21436779.55,91610,Feb,Feb-24,0.9170334977497541
2024,3,1,234,73617,35506154.78,17464161.77,18041993.01,24822659.3,10683495.48,25732224.59,9773930.184,34172848.38,1333306.401,56158160.53,31885462.98,24272697.55,42366132.38,13792028.15,43065832.18,13092328.35,54705162.13,1452998.398,21847153.48,14421298.85,7425854.629,18319549.09,3527604.381,17413764.51,4433388.968,21677900.81,169252.6701,7663125.838,2965603.641,4034019.485,663543.7194,-1195147.461,2.559999943,-1195150.021,0.13645614,0.462389286,0.305934458,0.22538619,0.25346127,0.082375863,0.389029008,0.052808062,0.071833184,0.011815624,239992.139,21847153.21,93364,Mar,Mar-24,1.0147226141144035
2024,4,1,232,74092,35482254.61,17145003.16,18337251.44,23337569.7,12144684.91,27005322.45,8476932.159,34098644.31,1383610.3,54651358.28,31254874.45,23396483.82,39251432.52,15399925.76,44528041.79,10123316.48,53117880.19,1533478.088,20682036.07,14109868.48,6572167.59,16794584.77,3887451.292,17715166.72,2966869.348,20478325.79,203710.2803,8358361.743,3227374.912,4459119.063,671935.6592,-1512932.149,3.0,-1512935.149,0.152939689,0.460887583,0.28090407,0.211380295,0.162632901,0.097730635,0.378435902,0.059053883,0.0815921,0.012294949,235566.1995,20682035.82,89147,Apr,Apr-24,0.9634338028979842
